path,bytes,sha256
README.md,1435,a5e1b9ef631d2057d5b1e0e21e557b2fd61f7644ad6e3bc181e7b96ba6393b91
pyproject.toml,268,89b5221a8c1c9d24b77579c5aa6e2a0af9387741ce162cb88ddfa6885cb72c88
src/nda_eml_poc/stage3_hardening.py,13850,443479fb527da4d49c69ec149b1030af9ec8639530d633155ba90f7609d75b87
tests/test_stage3_hardening.py,1081,122c8f00df4859e55c4168083c737fba7668439bec41f5d92c54b1b60024599c
results/stage3/summary_metrics.csv,733,f7948e0be5a2771040abc4cb59aef5a8d549901cb60af4fb3dd0034347d50851
results/stage3/target_results.csv,51456,d86b85ad56d2fd591301c85dc35f9c656d01effce0cea997f1aa8810dbf31a0f
results/stage3/stage3_discovery_analysis.csv,4465,7fc7d6ab6de44b90d9b5e87e71e519cccb50d4f9df62e441cbfc8da3227e0f11
results/stage3/stage3_hardening_analysis.csv,7524,80dd042253083f9ca70495a3fac34f2917e5a5893c8f7b584810e9d533500614
results/stage3/stage3_discovery_summary.csv,258,75521eb71fac28bf6ada4cbeb027b75b1fdbdfcf0e8d7b5b18b0c69202bcefc9
results/stage3/stage3_hardening_summary.csv,344,8985953f6dd40b68243c6aa82670f05645d45ae124049e41dd01f084d6efb5e9
results/stage3/STAGE3_HARDENING_REPORT.md,1800,8a5bf84e42bcb9b77068527ecca2916894435d611c81e1ff310a1d22f8c142ba
NDA_EML_PoC_stage3_report.md,4448,0192d675f3782c8744d92ef3248259805dab8b39383b072c88d5057639f932a0
